epoch,acc,loss,val_acc,val_loss
0,0.44304277979039897,1.899763152143344,0.5124864102132258,1.6763166592843455
1,0.5498434515342525,1.5091597600630953,0.5470292770083541,1.5460521373516276
